"2023-04-11 10:07:22","Daycent","1","3","1_3","CC-CR",NA,NA,NA,NA,NA,NA,NA,NA,NA,NA,NA,NA,NA,NA,NA,"-3.22070247935134e-15","6.50000000000002","NaN","4.86","-9.79","0.998497554625014","3.46769480382381","0.94","4.27",NA,NA,NA,NA,NA,NA,NA,NA,NA,NA,NA,NA,NA,NA,NA,NA,NA,NA,NA,"0.851021011602921","0.23583339147494","1","0.17","-0.309095234952796"
"2023-04-11 11:02:31","Daycent","1","53","1_53","RR00-CR",NA,NA,NA,NA,NA,NA,NA,NA,NA,NA,NA,NA,NA,NA,NA,"-0.909090909090868","11.9909090909088","1","4.86","-10.94","0.998698420504482","3.4878630821738","0.93","4.33",NA,NA,NA,NA,NA,NA,NA,NA,NA,NA,NA,NA,NA,NA,"0.610632317264256","0.362743447637028","0.29","0.35",NA,NA,NA,NA,NA,NA
"2023-04-11 13:36:01","Daycent","1","3","1_3","CC-CR",NA,NA,NA,NA,NA,NA,NA,NA,NA,NA,NA,NA,NA,NA,NA,"-0.512820512820516","9.99230769230771","1","4.86","-9.98999999999999","0.98762079805264","3.27908885655996","0.93","3.96",NA,NA,NA,NA,NA,NA,NA,NA,NA,NA,NA,NA,NA,NA,NA,NA,NA,NA,NA,"0.919023901086393","0.167850830683888","1","0.14","-0.407775975693536"
"2023-04-11 14:05:11","Daycent","1","53","1_53","RR00-CR",NA,NA,NA,NA,NA,NA,NA,NA,NA,NA,NA,NA,NA,NA,NA,"1.81818181818179","-4.48181818181802","1","4.87","-11.24","0.995008046538609","3.32328706294097","0.93","4.14",NA,NA,NA,NA,NA,NA,NA,NA,NA,NA,NA,NA,NA,NA,"0.649059119342679","0.327964373995427","0.3","0.35","-0.543322962962963",NA,NA,NA,NA,NA
"2023-04-11 14:32:41","Daycent","1","7","1_7","CN",NA,NA,NA,NA,NA,NA,NA,NA,NA,NA,NA,NA,NA,NA,NA,"0.208333333333328","5.26875000000003","1","5.64","-11.26","0.980838439589909","3.64543632533763","0.93","4.2",NA,NA,NA,NA,NA,NA,NA,NA,NA,NA,NA,NA,NA,NA,"0.298232468815636","0.359620835921653","0.11","0.46","0.831028888888889",NA,NA,NA,NA,NA
"2023-04-11 14:43:40","Daycent","1","8","1_8","NT-CC-CR",NA,NA,NA,NA,NA,NA,NA,NA,NA,NA,NA,NA,NA,NA,NA,"-0.217391304347826","8.16521739130435","1","4.86","-10.46","0.995158345730143","3.52491768025345","0.94","4.23",NA,NA,NA,NA,NA,NA,NA,NA,NA,NA,NA,NA,NA,NA,"-0.0997107423040828","0.527149024006485","0.02","0.63","2.50120740740741","0.911878186016734","0.0380172328552346","0.98","0.05","0.0112819776478234"
"2023-04-11 14:48:31","Daycent","1","3","1_3","CC-CR",NA,NA,NA,NA,NA,NA,NA,NA,NA,NA,NA,NA,NA,NA,NA,"0.0927971718957117","6.09650905877155","0.06","0.29","-0.59","0.893879857257628","6.04034384585411","0.92","4.94",NA,NA,NA,NA,NA,NA,NA,NA,NA,NA,NA,NA,NA,NA,"-0.553284086469408","1.17813171880244","0.56","0.56","0.662296296296296",NA,"4.006","0","3.01","-3.0062989386565"
"2023-04-12 00:29:19","Daycent","1","3","1_3","CC-CR",NA,NA,NA,NA,NA,NA,NA,NA,NA,NA,NA,NA,NA,NA,NA,"-0.512820512820518","9.99230769230772","1","4.86","-9.98999999999999","0.987620798052638","3.27908885656","0.93","3.96",NA,NA,NA,NA,NA,NA,NA,NA,NA,NA,NA,NA,NA,NA,NA,NA,NA,NA,NA,"0.919023901086393","0.167850830683888","1","0.14","-0.407775975693536"
"2023-04-12 00:31:06","Daycent","1","51","1_51","RR50-CR",NA,NA,NA,NA,NA,NA,NA,NA,NA,NA,NA,NA,NA,NA,NA,"-6.39376759277756e-16","6.5","NaN","4.87","-11.04","0.996451433774702","3.39360644279483","0.93","4.21",NA,NA,NA,NA,NA,NA,NA,NA,NA,NA,NA,NA,NA,NA,"0.628811925627442","0.345086004273154","0.29","0.35","-0.56746962962963",NA,NA,NA,NA,NA
"2023-04-12 00:31:34","Daycent","1","52","1_52","RR25-CR",NA,NA,NA,NA,NA,NA,NA,NA,NA,NA,NA,NA,NA,NA,NA,"0.909090909090911","1.0090909090909","1","4.87","-11.14","0.99539817308653","3.35480540849366","0.93","4.17",NA,NA,NA,NA,NA,NA,NA,NA,NA,NA,NA,NA,NA,NA,"0.647168722764561","0.329798220003491","0.3","0.35","-0.546518518518518",NA,NA,NA,NA,NA
"2023-04-12 00:32:01","Daycent","1","53","1_53","RR00-CR",NA,NA,NA,NA,NA,NA,NA,NA,NA,NA,NA,NA,NA,NA,NA,"1.8181818181818","-4.48181818181806","1","4.87","-11.24","0.99500804653861","3.32328706294096","0.93","4.14",NA,NA,NA,NA,NA,NA,NA,NA,NA,NA,NA,NA,NA,NA,"0.649059119342678","0.327964373995427","0.3","0.35","-0.543322962962963",NA,NA,NA,NA,NA
"2023-04-12 00:32:29","Daycent","1","54","1_54","RR50-NT-CR",NA,NA,NA,NA,NA,NA,NA,NA,NA,NA,NA,NA,NA,NA,NA,"-0.238095238095238","8.15476190476191","1","4.86","-10.31","0.971573822507512","3.43561331656427","0.94","3.78",NA,NA,NA,NA,NA,NA,NA,NA,NA,NA,NA,NA,NA,NA,"0.45013117325181","0.313632346562846","0.32","0.26","-0.0619148148148146",NA,NA,NA,NA,NA
"2023-04-12 00:32:57","Daycent","1","55","1_55","RR25-NT-CR",NA,NA,NA,NA,NA,NA,NA,NA,NA,NA,NA,NA,NA,NA,NA,"-0.238095238095238","8.15476190476191","1","4.86","-10.31","0.957936265258159","3.38730013920905","0.94","3.55",NA,NA,NA,NA,NA,NA,NA,NA,NA,NA,NA,NA,NA,NA,"0.443039409039176","0.321467135990383","0.31","0.26","-0.0778725925925926",NA,NA,NA,NA,NA
"2023-04-12 00:33:24","Daycent","1","56","1_56","RR00-NT-CR",NA,NA,NA,NA,NA,NA,NA,NA,NA,NA,NA,NA,NA,NA,NA,"-0.238095238095238","8.15476190476191","1","4.86","-10.31","0.945092052396806","3.34684765041595","0.94","3.35",NA,NA,NA,NA,NA,NA,NA,NA,NA,NA,NA,NA,NA,NA,"0.435788625327992","0.329279816726668","0.31","0.26","-0.0933970370370369",NA,NA,NA,NA,NA
"2023-04-12 00:34:06","Daycent","1","7","1_7","CN",NA,NA,NA,NA,NA,NA,NA,NA,NA,NA,NA,NA,NA,NA,NA,"-0.416666666666669","8.96250000000001","1","5.66","-11.56","0.974378273317451","3.37236141772083","0.93","3.88",NA,NA,NA,NA,NA,NA,NA,NA,NA,NA,NA,NA,NA,NA,"0.287259979568323","0.282406400198117","0.2","0.44","1.25820888888889",NA,NA,NA,NA,NA
"2023-04-12 00:34:34","Daycent","1","8","1_8","NT-CC-CR",NA,NA,NA,NA,NA,NA,NA,NA,NA,NA,NA,NA,NA,NA,NA,"-0.217391304347825","8.16521739130434","1","4.86","-10.46","0.964166447632001","3.34299652013803","0.94","3.61",NA,NA,NA,NA,NA,NA,NA,NA,NA,NA,NA,NA,NA,NA,"-0.129188006739352","0.545632220636893","0.05","0.64","2.54648518518518","0.934800044205787","0.0241249663628611","0.99","0.03","0.020357533203379"
"2023-04-12 00:41:39","Daycent","1","3","1_3","CC-CR",NA,NA,NA,NA,NA,NA,NA,NA,NA,NA,NA,NA,NA,NA,NA,"-0.512820512820518","9.99230769230772","1","4.86","-9.98999999999999","0.987620798052638","3.27908885656","0.93","3.96",NA,NA,NA,NA,NA,NA,NA,NA,NA,NA,NA,NA,NA,NA,NA,NA,NA,NA,NA,"0.919023901086393","0.167850830683888","1","0.14","-0.407775975693536"
"2023-04-12 01:01:15","Daycent","1","51","1_51","RR50-CR",NA,NA,NA,NA,NA,NA,NA,NA,NA,NA,NA,NA,NA,NA,NA,"-6.39376759277756e-16","6.5","NaN","4.87","-11.04","0.996451433774702","3.39360644279483","0.93","4.21",NA,NA,NA,NA,NA,NA,NA,NA,NA,NA,NA,NA,NA,NA,"0.628811925627442","0.345086004273154","0.29","0.35","-0.56746962962963",NA,NA,NA,NA,NA
"2023-04-12 01:05:19","Daycent","1","52","1_52","RR25-CR",NA,NA,NA,NA,NA,NA,NA,NA,NA,NA,NA,NA,NA,NA,NA,"0.909090909090911","1.0090909090909","1","4.87","-11.14","0.99539817308653","3.35480540849366","0.93","4.17",NA,NA,NA,NA,NA,NA,NA,NA,NA,NA,NA,NA,NA,NA,"0.647168722764561","0.329798220003491","0.3","0.35","-0.546518518518518",NA,NA,NA,NA,NA
"2023-04-12 01:09:16","Daycent","1","53","1_53","RR00-CR",NA,NA,NA,NA,NA,NA,NA,NA,NA,NA,NA,NA,NA,NA,NA,"1.8181818181818","-4.48181818181806","1","4.87","-11.24","0.99500804653861","3.32328706294096","0.93","4.14",NA,NA,NA,NA,NA,NA,NA,NA,NA,NA,NA,NA,NA,NA,"0.649059119342678","0.327964373995427","0.3","0.35","-0.543322962962963",NA,NA,NA,NA,NA
"2023-04-12 01:13:15","Daycent","1","54","1_54","RR50-NT-CR",NA,NA,NA,NA,NA,NA,NA,NA,NA,NA,NA,NA,NA,NA,NA,"-0.238095238095238","8.15476190476191","1","4.86","-10.31","0.971573822507512","3.43561331656427","0.94","3.78",NA,NA,NA,NA,NA,NA,NA,NA,NA,NA,NA,NA,NA,NA,"0.45013117325181","0.313632346562846","0.32","0.26","-0.0619148148148146",NA,NA,NA,NA,NA
"2023-04-12 01:17:22","Daycent","1","55","1_55","RR25-NT-CR",NA,NA,NA,NA,NA,NA,NA,NA,NA,NA,NA,NA,NA,NA,NA,"-0.238095238095238","8.15476190476191","1","4.86","-10.31","0.957936265258159","3.38730013920905","0.94","3.55",NA,NA,NA,NA,NA,NA,NA,NA,NA,NA,NA,NA,NA,NA,"0.443039409039176","0.321467135990383","0.31","0.26","-0.0778725925925926",NA,NA,NA,NA,NA
"2023-04-12 01:21:30","Daycent","1","56","1_56","RR00-NT-CR",NA,NA,NA,NA,NA,NA,NA,NA,NA,NA,NA,NA,NA,NA,NA,"-0.238095238095238","8.15476190476191","1","4.86","-10.31","0.945092052396806","3.34684765041595","0.94","3.35",NA,NA,NA,NA,NA,NA,NA,NA,NA,NA,NA,NA,NA,NA,"0.435788625327992","0.329279816726668","0.31","0.26","-0.0933970370370369",NA,NA,NA,NA,NA
"2023-04-12 01:25:17","Daycent","1","7","1_7","CN",NA,NA,NA,NA,NA,NA,NA,NA,NA,NA,NA,NA,NA,NA,NA,"-0.416666666666669","8.96250000000001","1","5.66","-11.56","0.974378273317451","3.37236141772083","0.93","3.88",NA,NA,NA,NA,NA,NA,NA,NA,NA,NA,NA,NA,NA,NA,"0.287259979568323","0.282406400198117","0.2","0.44","1.25820888888889",NA,NA,NA,NA,NA
"2023-04-12 01:28:49","Daycent","1","8","1_8","NT-CC-CR",NA,NA,NA,NA,NA,NA,NA,NA,NA,NA,NA,NA,NA,NA,NA,"-0.217391304347825","8.16521739130434","1","4.86","-10.46","0.964166447632001","3.34299652013803","0.94","3.61",NA,NA,NA,NA,NA,NA,NA,NA,NA,NA,NA,NA,NA,NA,"-0.129188006739352","0.545632220636893","0.05","0.64","2.54648518518518","0.934800044205787","0.0241249663628611","0.99","0.03","0.020357533203379"
"2023-04-23 15:31:07","Daycent","1","3","1_3","CC-CR",NA,NA,NA,NA,NA,NA,NA,NA,NA,NA,NA,NA,NA,NA,NA,"-0.512820512820516","9.99230769230771","1","4.86","-9.98999999999999","0.98762079805264","3.27908885655996","0.93","3.96",NA,NA,NA,NA,NA,NA,NA,NA,NA,NA,NA,NA,NA,NA,NA,NA,NA,NA,NA,"0.931938846597306","0.154939745949435","1","0.12","-0.235608568286129"
"2023-04-23 15:37:39","Daycent","1","3","1_3","CC-CR",NA,NA,NA,NA,NA,NA,NA,NA,NA,NA,NA,NA,NA,NA,NA,"-0.512820512820516","9.99230769230771","1","4.86","-9.98999999999999","0.98762079805264","3.27908885655996","0.93","3.96",NA,NA,NA,NA,NA,NA,NA,NA,NA,NA,NA,NA,NA,NA,NA,NA,NA,NA,NA,"0.931938846597306","0.154939745949435","1","0.12","-0.235608568286129",NA,NA,NA,NA,NA
"2023-04-23 16:43:27","Daycent","1","53","1_53","RR00-CR",NA,NA,NA,NA,NA,NA,NA,NA,NA,NA,NA,NA,NA,NA,NA,"1.81818181818179","-4.48181818181802","1","4.87","-11.24","0.995008046538609","3.32328706294097","0.93","4.14",NA,NA,NA,NA,NA,NA,NA,NA,NA,NA,NA,NA,NA,NA,"0.649059119342679","0.327964373995427","0.3","0.35","-0.543322962962963",NA,NA,NA,NA,NA,NA,NA,NA,NA,NA
"2023-04-23 17:03:55","Daycent","1","3","1_3","CC-CR",NA,NA,NA,NA,NA,NA,NA,NA,NA,NA,NA,NA,NA,NA,NA,"-0.256410256410259","7.24615384615387","1","1.86","-0.389999999999996","0.988036819398698","3.28959386496233","0.93","3.97",NA,NA,NA,NA,NA,NA,NA,NA,NA,NA,NA,NA,NA,NA,NA,NA,NA,NA,NA,"0.908856868385022","0.151510379621719","1","0.11","-0.203561901619462",NA,NA,NA,NA,NA
"2023-04-23 17:26:39","Daycent","1","3","1_3","CC-CR",NA,NA,NA,NA,NA,NA,NA,NA,NA,NA,NA,NA,NA,NA,NA,"-0.512820512820516","9.99230769230771","1","4.86","-9.98999999999999","0.987617431835414","3.27910125508143","0.93","3.96",NA,NA,NA,NA,NA,NA,NA,NA,NA,NA,NA,NA,NA,NA,NA,NA,NA,NA,NA,"0.932460044663586","0.154587592578294","1","0.12","-0.235473012730574",NA,NA,NA,NA,NA
"2023-04-23 17:35:39","Daycent","1","56","1_56","RR00-NT-CR",NA,NA,NA,NA,NA,NA,NA,NA,NA,NA,NA,NA,NA,NA,NA,"-0.238095238095238","8.15476190476191","1","4.86","-10.31","0.945085366677159","3.34688824818776","0.94","3.35",NA,NA,NA,NA,NA,NA,NA,NA,NA,NA,NA,NA,NA,NA,"0.435765939910222","0.329327117369329","0.31","0.26","-0.0935370370370371",NA,NA,NA,NA,NA,NA,NA,NA,NA,NA
"2023-04-23 17:42:50","Daycent","1","7","1_7","CN",NA,NA,NA,NA,NA,NA,NA,NA,NA,NA,NA,NA,NA,NA,NA,"-0.416666666666669","8.96250000000001","1","5.66","-11.56","0.974381803118231","3.37217098690192","0.93","3.88",NA,NA,NA,NA,NA,NA,NA,NA,NA,NA,NA,NA,NA,NA,"0.287337893735555","0.282417353311656","0.2","0.44","1.25786222222222",NA,NA,NA,NA,NA,NA,NA,NA,NA,NA
"2023-04-23 17:50:51","Daycent","1","8","1_8","NT-CC-CR",NA,NA,NA,NA,NA,NA,NA,NA,NA,NA,NA,NA,NA,NA,NA,"-0.217391304347826","8.16521739130435","1","4.86","-10.46","0.964165815516986","3.34295823745736","0.94","3.61",NA,NA,NA,NA,NA,NA,NA,NA,NA,NA,NA,NA,NA,NA,"-0.0507804139866138","0.50082532468682","0.01","0.56","1.65228592592593","0.884437153091904","0.0697831173571572","1","0.04","-0.00504468901884336",NA,NA,NA,NA,NA
"2023-04-26 15:12:19","Daycent","1","3","1_3","CC-CR",NA,NA,NA,NA,NA,NA,NA,NA,NA,NA,NA,NA,NA,NA,NA,"-0.512820512820518","9.99230769230772","1","4.86","-9.98999999999999","0.987617431835415","3.27910125508142","0.93","3.96",NA,NA,NA,NA,NA,NA,NA,NA,NA,NA,NA,NA,NA,NA,NA,NA,NA,NA,NA,"0.932460044663586","0.154587592578294","1","0.12","-0.235473012730574",NA,NA,NA,NA,NA
"2023-04-26 15:13:27","Daycent","1","3","1_3","CC-CR",NA,NA,NA,NA,NA,NA,NA,NA,NA,NA,NA,NA,NA,NA,NA,"-0.512820512820518","9.99230769230772","1","4.86","-9.98999999999999","0.987617431835415","3.27910125508142","0.93","3.96",NA,NA,NA,NA,NA,NA,NA,NA,NA,NA,NA,NA,NA,NA,NA,NA,NA,NA,NA,"0.932460044663586","0.154587592578294","1","0.12","-0.235473012730574",NA,NA,NA,NA,NA
"2023-04-26 16:16:33","Daycent","1","3","1_3","CC-CR",NA,NA,NA,NA,NA,NA,NA,NA,NA,NA,NA,NA,NA,NA,NA,"-0.512820512820518","9.99230769230772","1","0.3","-0.29","0.987617431835415","3.27910125508142","0.93","3.96",NA,NA,NA,NA,NA,NA,NA,NA,NA,NA,NA,NA,NA,NA,NA,NA,NA,NA,NA,"0.932460044663586","0.154587592578294","1","0.12","-0.235473012730574",NA,NA,NA,NA,NA
"2023-04-26 16:20:47","Daycent","1","51","1_51","RR50-CR",NA,NA,NA,NA,NA,NA,NA,NA,NA,NA,NA,NA,NA,NA,NA,"-6.39376759277756e-16","6.5","NaN","0.45","-1.34","0.996451111257415","3.39357908786412","0.93","4.21",NA,NA,NA,NA,NA,NA,NA,NA,NA,NA,NA,NA,NA,NA,"0.628818783402331","0.345217249768398","0.29","0.35","-0.56800962962963",NA,NA,NA,NA,NA,NA,NA,NA,NA,NA
"2023-04-26 16:22:25","Daycent","1","52","1_52","RR25-CR",NA,NA,NA,NA,NA,NA,NA,NA,NA,NA,NA,NA,NA,NA,NA,"0.909090909090911","1.0090909090909","1","0.48","-1.44","0.995393793744573","3.35479492032639","0.93","4.17",NA,NA,NA,NA,NA,NA,NA,NA,NA,NA,NA,NA,NA,NA,"0.647230439873305","0.32989109769603","0.3","0.35","-0.547025185185185",NA,NA,NA,NA,NA,NA,NA,NA,NA,NA
"2023-04-26 16:23:59","Daycent","1","53","1_53","RR00-CR",NA,NA,NA,NA,NA,NA,NA,NA,NA,NA,NA,NA,NA,NA,NA,"1.8181818181818","-4.48181818181806","1","0.51","-1.54","0.995008686211053","3.32320853886523","0.93","4.14",NA,NA,NA,NA,NA,NA,NA,NA,NA,NA,NA,NA,NA,NA,"0.64913040454008","0.328050346669946","0.3","0.35","-0.543822962962963",NA,NA,NA,NA,NA,NA,NA,NA,NA,NA
"2023-04-26 16:25:49","Daycent","1","54","1_54","RR50-NT-CR",NA,NA,NA,NA,NA,NA,NA,NA,NA,NA,NA,NA,NA,NA,NA,"-0.238095238095238","8.15476190476191","1","0.34","-0.61","0.971573154853453","3.43560069265983","0.94","3.78",NA,NA,NA,NA,NA,NA,NA,NA,NA,NA,NA,NA,NA,NA,"0.450141017545229","0.313663119833728","0.32","0.26","-0.0620592592592592",NA,NA,NA,NA,NA,NA,NA,NA,NA,NA
"2023-04-26 16:28:14","Daycent","1","55","1_55","RR25-NT-CR",NA,NA,NA,NA,NA,NA,NA,NA,NA,NA,NA,NA,NA,NA,NA,"-0.238095238095238","8.15476190476191","1","0.34","-0.61","0.957930601703838","3.38733012275352","0.94","3.55",NA,NA,NA,NA,NA,NA,NA,NA,NA,NA,NA,NA,NA,NA,"0.443038205993277","0.321501121647506","0.31","0.26","-0.0780059259259257",NA,NA,NA,NA,NA,NA,NA,NA,NA,NA
"2023-04-26 16:30:22","Daycent","1","56","1_56","RR00-NT-CR",NA,NA,NA,NA,NA,NA,NA,NA,NA,NA,NA,NA,NA,NA,NA,"-0.238095238095238","8.15476190476191","1","0.34","-0.61","0.945085366677159","3.34688824818773","0.94","3.35",NA,NA,NA,NA,NA,NA,NA,NA,NA,NA,NA,NA,NA,NA,"0.435765939910222","0.329327117369328","0.31","0.26","-0.0935370370370371",NA,NA,NA,NA,NA,NA,NA,NA,NA,NA
"2023-04-26 16:35:47","Daycent","1","7","1_7","CN",NA,NA,NA,NA,NA,NA,NA,NA,NA,NA,NA,NA,NA,NA,NA,"-0.416666666666669","8.96250000000001","1","0.99","-1.86","0.97438180311823","3.37217098690192","0.93","3.88",NA,NA,NA,NA,NA,NA,NA,NA,NA,NA,NA,NA,NA,NA,"0.287337893735555","0.282417353311656","0.2","0.44","1.25786222222222",NA,NA,NA,NA,NA,NA,NA,NA,NA,NA
"2023-04-26 17:49:07","Daycent","1","8","1_8","NT-CC-CR",NA,NA,NA,NA,NA,NA,NA,NA,NA,NA,NA,NA,NA,NA,NA,"-0.217391304347825","8.16521739130434","1","0.34","-0.76","0.964165815516986","3.34295823745743","0.94","3.61",NA,NA,NA,NA,NA,NA,NA,NA,NA,NA,NA,NA,NA,NA,"-0.0507804139866138","0.500825324686821","0.01","0.56","1.65228592592593","0.884437153091905","0.069783117357157","1","0.04","-0.00504468901884336",NA,NA,NA,NA,NA
"2023-05-01 02:07:04","Daycent","1","3","1_3","CC-CR",NA,NA,NA,NA,NA,NA,NA,NA,NA,NA,NA,NA,NA,NA,NA,"-0.512820512820518","9.99230769230772","1","0.3","-0.29","0.986238288840509","3.27777433304891","0.93","3.94",NA,NA,NA,NA,NA,NA,NA,NA,NA,NA,NA,NA,NA,NA,NA,NA,NA,NA,NA,"0.967465957979068","0.162469921661287","1","0.15","-0.289437457175018",NA,NA,NA,NA,NA
"2023-05-01 02:10:32","Daycent","1","3","1_3","CC-CR",NA,NA,NA,NA,NA,NA,NA,NA,NA,NA,NA,NA,NA,NA,NA,"-0.512820512820518","9.99230769230772","1","0.3","-0.29","0.985077785587885","3.27864455413429","0.93","3.93",NA,NA,NA,NA,NA,NA,NA,NA,NA,NA,NA,NA,NA,NA,NA,NA,NA,NA,NA,"1.09519129442822","0.187789433919284","1","0.24","-0.479455234952796",NA,NA,NA,NA,NA
"2023-05-01 02:12:27","Daycent","1","3","1_3","CC-CR",NA,NA,NA,NA,NA,NA,NA,NA,NA,NA,NA,NA,NA,NA,NA,"-0.512820512820518","9.99230769230772","1","0.3","-0.29","0.983181241700105","3.28198353148543","0.93","3.9",NA,NA,NA,NA,NA,NA,NA,NA,NA,NA,NA,NA,NA,NA,NA,NA,NA,NA,NA,"1.11699597033722","0.20395349849302","1","0.27","-0.535577457175018",NA,NA,NA,NA,NA
"2023-05-01 02:15:40","Daycent","1","3","1_3","CC-CR",NA,NA,NA,NA,NA,NA,NA,NA,NA,NA,NA,NA,NA,NA,NA,"-0.512820512820518","9.99230769230772","1","0.3","-0.29","0.98555919030557","3.28393757131809","0.93","3.94",NA,NA,NA,NA,NA,NA,NA,NA,NA,NA,NA,NA,NA,NA,NA,NA,NA,NA,NA,"1.05888360941667","0.170955154049137","1","0.2","-0.406166346063907",NA,NA,NA,NA,NA
"2023-05-01 02:19:40","Daycent","1","3","1_3","CC-CR",NA,NA,NA,NA,NA,NA,NA,NA,NA,NA,NA,NA,NA,NA,NA,"-0.512820512820518","9.99230769230772","1","0.3","-0.29","0.981519326868489","3.29447326301743","0.93","3.89",NA,NA,NA,NA,NA,NA,NA,NA,NA,NA,NA,NA,NA,NA,NA,NA,NA,NA,NA,"1.07599260885061","0.203546824712064","1","0.25","-0.49001967939724",NA,NA,NA,NA,NA
"2023-05-01 02:21:02","Daycent","1","3","1_3","CC-CR",NA,NA,NA,NA,NA,NA,NA,NA,NA,NA,NA,NA,NA,NA,NA,"-0.512820512820518","9.99230769230772","1","0.3","-0.29","0.985804793195366","3.28943490695896","0.93","3.94",NA,NA,NA,NA,NA,NA,NA,NA,NA,NA,NA,NA,NA,NA,NA,NA,NA,NA,NA,"1.00830048065548","0.174389828224444","1","0.18","-0.357837457175018",NA,NA,NA,NA,NA
"2023-05-01 02:39:43","Daycent","1","3","1_3","CC-CR",NA,NA,NA,NA,NA,NA,NA,NA,NA,NA,NA,NA,NA,NA,NA,"-0.512820512820518","9.99230769230772","1","0.3","-0.29","0.985804793195366","3.28943490695896","0.93","3.94",NA,NA,NA,NA,NA,NA,NA,NA,NA,NA,NA,NA,NA,NA,NA,NA,NA,NA,NA,"1.00830048065548","0.174389828224444","1","0.18","-0.357837457175018",NA,NA,NA,NA,NA
"2023-05-01 02:41:41","Daycent","1","3","1_3","CC-CR",NA,NA,NA,NA,NA,NA,NA,NA,NA,NA,NA,NA,NA,NA,NA,"-0.512820512820518","9.99230769230772","1","0.3","-0.29","0.983275435066463","3.29000416502422","0.93","3.91",NA,NA,NA,NA,NA,NA,NA,NA,NA,NA,NA,NA,NA,NA,NA,NA,NA,NA,NA,"1.06161439365127","0.190242963929292","1","0.23","-0.447721901619462",NA,NA,NA,NA,NA
"2023-05-01 02:44:12","Daycent","1","3","1_3","CC-CR",NA,NA,NA,NA,NA,NA,NA,NA,NA,NA,NA,NA,NA,NA,NA,"-0.512820512820518","9.99230769230772","1","0.3","-0.29","0.981519326868489","3.29447326301743","0.93","3.89",NA,NA,NA,NA,NA,NA,NA,NA,NA,NA,NA,NA,NA,NA,NA,NA,NA,NA,NA,"1.07599260885061","0.203546824712064","1","0.25","-0.49001967939724",NA,NA,NA,NA,NA
"2023-05-01 02:45:28","Daycent","1","3","1_3","CC-CR",NA,NA,NA,NA,NA,NA,NA,NA,NA,NA,NA,NA,NA,NA,NA,"-0.512820512820518","9.99230769230772","1","0.3","-0.29","0.981225613074949","3.29886774423157","0.93","3.89",NA,NA,NA,NA,NA,NA,NA,NA,NA,NA,NA,NA,NA,NA,NA,NA,NA,NA,NA,"1.26518505997087","0.246995374973408","1","0.41","-0.783370790508351",NA,NA,NA,NA,NA
"2023-05-01 02:47:14","Daycent","1","3","1_3","CC-CR",NA,NA,NA,NA,NA,NA,NA,NA,NA,NA,NA,NA,NA,NA,NA,"-0.512820512820518","9.99230769230772","1","0.3","-0.29","0.979673503361323","3.39191371911932","0.93","3.95",NA,NA,NA,NA,NA,NA,NA,NA,NA,NA,NA,NA,NA,NA,NA,NA,NA,NA,NA,"0.84161987089566","0.06120283292894","1","0.08","0.0504247650472043",NA,NA,NA,NA,NA
"2023-05-01 02:49:24","Daycent","1","3","1_3","CC-CR",NA,NA,NA,NA,NA,NA,NA,NA,NA,NA,NA,NA,NA,NA,NA,"-0.512820512820518","9.99230769230772","1","0.3","-0.29","0.98236911411642","3.30654602117814","0.93","3.91",NA,NA,NA,NA,NA,NA,NA,NA,NA,NA,NA,NA,NA,NA,NA,NA,NA,NA,NA,"1.18805264004002","0.235558070375596","1","0.35","-0.676326346063907",NA,NA,NA,NA,NA
"2023-05-01 02:51:01","Daycent","1","3","1_3","CC-CR",NA,NA,NA,NA,NA,NA,NA,NA,NA,NA,NA,NA,NA,NA,NA,"-0.512820512820518","9.99230769230772","1","0.3","-0.29","0.980765328363672","3.29731656539293","0.93","3.88",NA,NA,NA,NA,NA,NA,NA,NA,NA,NA,NA,NA,NA,NA,NA,NA,NA,NA,NA,"1.30345029640505","0.246357133053145","1","0.43","-0.823850790508351",NA,NA,NA,NA,NA
"2023-05-01 02:56:47","Daycent","1","3","1_3","CC-CR",NA,NA,NA,NA,NA,NA,NA,NA,NA,NA,NA,NA,NA,NA,NA,"-0.512820512820518","9.99230769230772","1","0.3","-0.29","0.981222347222251","3.29896161566034","0.93","3.89",NA,NA,NA,NA,NA,NA,NA,NA,NA,NA,NA,NA,NA,NA,NA,NA,NA,NA,NA,"1.26698111340114","0.24681096956404","1","0.41","-0.784961901619462",NA,NA,NA,NA,NA
"2023-05-01 02:59:10","Daycent","1","3","1_3","CC-CR",NA,NA,NA,NA,NA,NA,NA,NA,NA,NA,NA,NA,NA,NA,NA,"-0.256410256410257","8.34615384615385","1","0.27","-0.390000000000001","0.98180064360516","3.27794191552297","0.93","3.88",NA,NA,NA,NA,NA,NA,NA,NA,NA,NA,NA,NA,NA,NA,NA,NA,NA,NA,NA,"0.674785103961307","0.309921059835542","1","0.2","-0.264955234952796",NA,NA,NA,NA,NA
"2023-05-01 03:00:13","Daycent","1","3","1_3","CC-CR",NA,NA,NA,NA,NA,NA,NA,NA,NA,NA,NA,NA,NA,NA,NA,"-0.512820512820518","9.99230769230772","1","0.3","-0.29","0.981234364514095","3.29869718819344","0.93","3.89",NA,NA,NA,NA,NA,NA,NA,NA,NA,NA,NA,NA,NA,NA,NA,NA,NA,NA,NA,"1.26096898359434","0.246352413223948","1","0.41","-0.777484123841685",NA,NA,NA,NA,NA
"2023-05-01 03:01:22","Daycent","1","3","1_3","CC-CR",NA,NA,NA,NA,NA,NA,NA,NA,NA,NA,NA,NA,NA,NA,NA,"-0.512820512820518","9.99230769230772","1","0.3","-0.29","0.981240844229409","3.29849374239322","0.93","3.89",NA,NA,NA,NA,NA,NA,NA,NA,NA,NA,NA,NA,NA,NA,NA,NA,NA,NA,NA,"1.2612332530364","0.243021556115576","1","0.4","-0.771110790508351",NA,NA,NA,NA,NA
"2023-05-01 03:09:16","Daycent","1","3","1_3","CC-CR",NA,NA,NA,NA,NA,NA,NA,NA,NA,NA,NA,NA,NA,NA,NA,"-0.512820512820518","9.99230769230772","1","0.3","-0.29","0.981234364514095","3.29869718819344","0.93","3.89",NA,NA,NA,NA,NA,NA,NA,NA,NA,NA,NA,NA,NA,NA,NA,NA,NA,NA,NA,"1.26096898359434","0.246352413223948","1","0.41","-0.777484123841685",NA,NA,NA,NA,NA
"2023-05-01 03:16:02","Daycent","1","3","1_3","CC-CR",NA,NA,NA,NA,NA,NA,NA,NA,NA,NA,NA,NA,NA,NA,NA,"-0.512820512820512","10.0923076923077","1","0.31","-0.490000000000001","0.974659361563136","3.21629263902603","0.93","3.78",NA,NA,NA,NA,NA,NA,NA,NA,NA,NA,NA,NA,NA,NA,NA,NA,NA,NA,NA,"2.01804710242444","0.308069503198444","1","0.98","-1.72707079050835",NA,NA,NA,NA,NA
"2023-05-01 03:31:54","Daycent","1","3","1_3","CC-CR",NA,NA,NA,NA,NA,NA,NA,NA,NA,NA,NA,NA,NA,NA,NA,"-0.512820512820512","10.0923076923077","1","0.31","-0.490000000000001","0.97464414328289","3.21623306888576","0.93","3.78",NA,NA,NA,NA,NA,NA,NA,NA,NA,NA,NA,NA,NA,NA,NA,NA,NA,NA,NA,"2.01938557820968","0.308000316424252","1","0.98","-1.72839301273057",NA,NA,NA,NA,NA
"2023-05-01 04:13:43","Daycent","1","3","1_3","CC-CR",NA,NA,NA,NA,NA,NA,NA,NA,NA,NA,NA,NA,NA,NA,NA,"-0.512820512820512","10.0923076923077","1","0.31","-0.490000000000001","0.97464414328289","3.21623306888576","0.93","3.78",NA,NA,NA,NA,NA,NA,NA,NA,NA,NA,NA,NA,NA,NA,NA,NA,NA,NA,NA,"2.01938557820968","0.308000316424252","1","0.98","-1.72839301273057",NA,NA,NA,NA,NA
"2023-05-01 04:15:46","Daycent","1","3","1_3","CC-CR",NA,NA,NA,NA,NA,NA,NA,NA,NA,NA,NA,NA,NA,NA,NA,"-0.512820512820512","10.0923076923077","1","0.31","-0.490000000000001","0.97464414328289","3.21623306888576","0.93","3.78",NA,NA,NA,NA,NA,NA,NA,NA,NA,NA,NA,NA,NA,NA,NA,NA,NA,NA,NA,"2.01938557820968","0.308000316424252","1","0.98","-1.72839301273057",NA,NA,NA,NA,NA
"2023-05-01 04:21:06","Daycent","1","51","1_51","RR50-CR",NA,NA,NA,NA,NA,NA,NA,NA,NA,NA,NA,NA,NA,NA,NA,"0.909090909090893","1.10909090909101","1","0.55","-1.64","0.986225967803764","3.37019439094055","0.93","4.09",NA,NA,NA,NA,NA,NA,NA,NA,NA,NA,NA,NA,NA,NA,"0.665070831430515","0.320920480362746","0.27","0.37","-0.550211851851852",NA,NA,NA,NA,NA,NA,NA,NA,NA,NA
"2023-05-01 04:22:56","Daycent","1","52","1_52","RR25-CR",NA,NA,NA,NA,NA,NA,NA,NA,NA,NA,NA,NA,NA,NA,NA,"1.81818181818178","-4.38181818181795","1","0.58","-1.74","0.985499245271585","3.32079875376369","0.93","4.03",NA,NA,NA,NA,NA,NA,NA,NA,NA,NA,NA,NA,NA,NA,"0.65859246575567","0.326717821155544","0.27","0.37","-0.559214074074074",NA,NA,NA,NA,NA,NA,NA,NA,NA,NA
"2023-05-01 04:24:46","Daycent","1","53","1_53","RR00-CR",NA,NA,NA,NA,NA,NA,NA,NA,NA,NA,NA,NA,NA,NA,NA,"2.72727272727267","-9.87272727272692","1","0.62","-1.84","0.985730648460232","3.28661763818046","0.93","4",NA,NA,NA,NA,NA,NA,NA,NA,NA,NA,NA,NA,NA,NA,"0.653565485998551","0.332523332813682","0.27","0.37","-0.571427407407407",NA,NA,NA,NA,NA,NA,NA,NA,NA,NA
"2023-05-01 04:26:35","Daycent","1","54","1_54","RR50-NT-CR",NA,NA,NA,NA,NA,NA,NA,NA,NA,NA,NA,NA,NA,NA,NA,"-0.238095238095238","8.2547619047619","1","0.41","-0.81","0.964986310527894","3.40352397670277","0.94","3.68",NA,NA,NA,NA,NA,NA,NA,NA,NA,NA,NA,NA,NA,NA,"0.440104327620736","0.309519727058943","0.34","0.25","-0.023717037037037",NA,NA,NA,NA,NA,NA,NA,NA,NA,NA
"2023-05-01 04:28:25","Daycent","1","55","1_55","RR25-NT-CR",NA,NA,NA,NA,NA,NA,NA,NA,NA,NA,NA,NA,NA,NA,NA,"-0.238095238095238","8.2547619047619","1","0.41","-0.81","0.95119130554849","3.35067102560296","0.94","3.44",NA,NA,NA,NA,NA,NA,NA,NA,NA,NA,NA,NA,NA,NA,"0.432021978704919","0.319733304778246","0.33","0.25","-0.0470414814814814",NA,NA,NA,NA,NA,NA,NA,NA,NA,NA
"2023-05-01 04:30:20","Daycent","1","56","1_56","RR00-NT-CR",NA,NA,NA,NA,NA,NA,NA,NA,NA,NA,NA,NA,NA,NA,NA,"-0.238095238095238","8.2547619047619","1","0.41","-0.81","0.938202225393206","3.30648723010141","0.94","3.24",NA,NA,NA,NA,NA,NA,NA,NA,NA,NA,NA,NA,NA,NA,"0.425577297124206","0.329313895294055","0.32","0.25","-0.0713859259259258",NA,NA,NA,NA,NA,NA,NA,NA,NA,NA
"2023-05-01 04:32:54","Daycent","1","7","1_7","CN",NA,NA,NA,NA,NA,NA,NA,NA,NA,NA,NA,NA,NA,NA,NA,"-0.416666666666669","8.96250000000001","1","0.99","-1.86","0.97438180311823","3.37217098690192","0.93","3.88",NA,NA,NA,NA,NA,NA,NA,NA,NA,NA,NA,NA,NA,NA,"0.287337893735555","0.282417353311656","0.2","0.44","1.25786222222222",NA,NA,NA,NA,NA,NA,NA,NA,NA,NA
"2023-05-01 04:34:29","Daycent","1","8","1_8","NT-CC-CR",NA,NA,NA,NA,NA,NA,NA,NA,NA,NA,NA,NA,NA,NA,NA,"-0.217391304347825","8.16521739130434","1","0.34","-0.76","0.951715118995017","3.2646529253739","0.94","3.38",NA,NA,NA,NA,NA,NA,NA,NA,NA,NA,NA,NA,NA,NA,"-0.0650989547879679","0.519586943723969","0.01","0.55","1.62705259259259","1.87802764585354","0.111993750115153","1","0.68","-1.2460602445744",NA,NA,NA,NA,NA
"2023-05-07 20:42:09","Daycent","1","3","1_3","CC-CR",NA,NA,NA,NA,NA,NA,NA,NA,NA,NA,NA,NA,NA,NA,NA,"-0.512820512820516","9.99230769230771","1","0.3","-0.29","0.97464414328289","3.21623306888575","0.93","3.78",NA,NA,NA,NA,NA,NA,NA,NA,NA,NA,NA,NA,NA,NA,NA,NA,NA,NA,NA,"2.01938557820968","0.308000316424251","1","0.98","-1.72839301273057",NA,NA,NA,NA,NA
"2023-05-07 20:46:00","Daycent","1","3","1_3","CC-CR",NA,NA,NA,NA,NA,NA,NA,NA,NA,NA,NA,NA,NA,NA,NA,"-0.512820512820516","9.99230769230771","1","0.3","-0.29","0.97464414328289","3.21623306888575","0.93","3.78",NA,NA,NA,NA,NA,NA,NA,NA,NA,NA,NA,NA,NA,NA,NA,NA,NA,NA,NA,"2.01938557820968","0.308000316424251","1","0.98","-1.72839301273057",NA,NA,NA,NA,NA
"2023-05-07 20:50:30","Daycent","1","3","1_3","CC-CR",NA,NA,NA,NA,NA,NA,NA,NA,NA,NA,NA,NA,NA,NA,NA,"-0.512820512820516","9.99230769230771","1","0.3","-0.29","0.97464414328289","3.21623306888575","0.93","3.78",NA,NA,NA,NA,NA,NA,NA,NA,NA,NA,NA,NA,NA,NA,NA,NA,NA,NA,NA,"2.01938557820968","0.308000316424251","1","0.98","-1.72839301273057",NA,NA,NA,NA,NA
"2023-05-07 21:00:29","Daycent","1","51","1_51","RR50-CR",NA,NA,NA,NA,NA,NA,NA,NA,NA,NA,NA,NA,NA,NA,NA,"1.14188542449727e-14","6.49999999999993","NaN","0.45","-1.34","0.986225967803765","3.37019439094049","0.93","4.09",NA,NA,NA,NA,NA,NA,NA,NA,NA,NA,NA,NA,NA,NA,"0.665070831430516","0.320920480362745","0.27","0.37","-0.550211851851852",NA,NA,NA,NA,NA,NA,NA,NA,NA,NA
"2023-05-07 21:03:10","Daycent","1","52","1_52","RR25-CR",NA,NA,NA,NA,NA,NA,NA,NA,NA,NA,NA,NA,NA,NA,NA,"0.909090909090913","1.00909090909088","1","0.48","-1.44","0.985499245271587","3.32079875376365","0.93","4.03",NA,NA,NA,NA,NA,NA,NA,NA,NA,NA,NA,NA,NA,NA,"0.65859246575567","0.326717821155544","0.27","0.37","-0.559214074074074",NA,NA,NA,NA,NA,NA,NA,NA,NA,NA
"2023-05-07 21:05:46","Daycent","1","53","1_53","RR00-CR",NA,NA,NA,NA,NA,NA,NA,NA,NA,NA,NA,NA,NA,NA,NA,"1.81818181818179","-4.48181818181802","1","0.51","-1.54","0.985730648460233","3.28661763818041","0.93","4",NA,NA,NA,NA,NA,NA,NA,NA,NA,NA,NA,NA,NA,NA,"0.653565485998552","0.332523332813682","0.27","0.37","-0.571427407407407",NA,NA,NA,NA,NA,NA,NA,NA,NA,NA
"2023-05-07 21:08:21","Daycent","1","54","1_54","RR50-NT-CR",NA,NA,NA,NA,NA,NA,NA,NA,NA,NA,NA,NA,NA,NA,NA,"-0.238095238095238","8.15476190476191","1","0.34","-0.61","0.964986310527896","3.40352397670273","0.94","3.68",NA,NA,NA,NA,NA,NA,NA,NA,NA,NA,NA,NA,NA,NA,"0.440104327620736","0.309519727058943","0.34","0.25","-0.023717037037037",NA,NA,NA,NA,NA,NA,NA,NA,NA,NA
"2023-05-07 21:10:56","Daycent","1","55","1_55","RR25-NT-CR",NA,NA,NA,NA,NA,NA,NA,NA,NA,NA,NA,NA,NA,NA,NA,"-0.238095238095238","8.15476190476191","1","0.34","-0.61","0.951191305548489","3.35067102560299","0.94","3.44",NA,NA,NA,NA,NA,NA,NA,NA,NA,NA,NA,NA,NA,NA,"0.432021978704919","0.319733304778246","0.33","0.25","-0.0470414814814814",NA,NA,NA,NA,NA,NA,NA,NA,NA,NA
"2023-05-07 21:13:41","Daycent","1","56","1_56","RR00-NT-CR",NA,NA,NA,NA,NA,NA,NA,NA,NA,NA,NA,NA,NA,NA,NA,"-0.238095238095238","8.15476190476191","1","0.34","-0.61","0.938202225393207","3.30648723010137","0.94","3.24",NA,NA,NA,NA,NA,NA,NA,NA,NA,NA,NA,NA,NA,NA,"0.425577297124206","0.329313895294055","0.32","0.25","-0.0713859259259258",NA,NA,NA,NA,NA,NA,NA,NA,NA,NA
"2023-05-07 21:16:34","Daycent","1","7","1_7","CN",NA,NA,NA,NA,NA,NA,NA,NA,NA,NA,NA,NA,NA,NA,NA,"-0.416666666666669","8.96250000000001","1","0.99","-1.86","0.974381803118231","3.37217098690192","0.93","3.88",NA,NA,NA,NA,NA,NA,NA,NA,NA,NA,NA,NA,NA,NA,"0.287337893735555","0.282417353311656","0.2","0.44","1.25786222222222",NA,NA,NA,NA,NA,NA,NA,NA,NA,NA
"2023-05-07 21:19:39","Daycent","1","8","1_8","CC-NT-CR",NA,NA,NA,NA,NA,NA,NA,NA,NA,NA,NA,NA,NA,NA,NA,"-0.217391304347826","8.16521739130435","1","0.34","-0.76","0.95171511899502","3.26465292537381","0.94","3.38",NA,NA,NA,NA,NA,NA,NA,NA,NA,NA,NA,NA,NA,NA,"-0.0650989547879679","0.519586943723969","0.01","0.55","1.62705259259259","1.87802764585354","0.111993750115153","1","0.68","-1.2460602445744",NA,NA,NA,NA,NA
"2023-05-07 21:38:57","Daycent","1","53","1_53","RR00-CR",NA,NA,NA,NA,NA,NA,NA,NA,NA,NA,NA,NA,NA,NA,NA,"2.72727272727266","-9.87272727272686","1","0.62","-1.84","0.985730648460233","3.28661763818041","0.93","4",NA,NA,NA,NA,NA,NA,NA,NA,NA,NA,NA,NA,NA,NA,"0.653567909896713","0.332522005774326","0.27","0.37","-0.571427407407407",NA,NA,NA,NA,NA,NA,NA,NA,NA,NA
"2023-05-09 13:40:23","Daycent","1","3","1_3","CC-CR",NA,NA,NA,NA,NA,NA,NA,NA,NA,NA,NA,NA,NA,NA,NA,"-0.512820512820516","9.99230769230771","1","0.3","-0.29","0.97464414328289","3.21623306888575","0.93","3.78",NA,NA,NA,NA,NA,NA,NA,NA,NA,NA,NA,NA,NA,NA,NA,NA,NA,NA,NA,"2.01938557820968","0.308000316424251","1","0.98","-1.72839301273057",NA,NA,NA,NA,NA
"2023-05-09 13:44:19","Daycent","1","3","1_3","CC-CR",NA,NA,NA,NA,NA,NA,NA,NA,NA,NA,NA,NA,NA,NA,NA,"-0.512820512820516","9.99230769230771","1","0.3","-0.29","0.97464414328289","3.21623306888575","0.93","3.78",NA,NA,NA,NA,NA,NA,NA,NA,NA,NA,NA,NA,NA,NA,"-0.0216659050508654","0.598168723861965","0","0.51","1.14259185185185","2.01938557820968","0.308000316424251","1","0.98","-1.72839301273057",NA,NA,NA,NA,NA
"2023-05-09 13:46:19","Daycent","1","3","1_3","CC-CR",NA,NA,NA,NA,NA,NA,NA,NA,NA,NA,NA,NA,NA,NA,NA,"-0.512820512820516","9.99230769230771","1","0.3","-0.29","0.97464414328289","3.21623306888575","0.93","3.78",NA,NA,NA,NA,NA,NA,NA,NA,NA,NA,NA,NA,NA,NA,"-0.0216659050508654","0.598168723861965","0","0.51","1.14259185185185","2.01938557820968","0.308000316424251","1","0.98","-1.72839301273057",NA,NA,NA,NA,NA
